component_id,mean,sum,count,min,max
4935,1.937202,2.000000,0.968601,0.968601,0.968601
